grad_norm,param_norm,samples,step,train_loss,val_loss
3.562407735704744,56.408792316654086,256,0,2.3106868267059326,2.338493824005127
