grad_norm,param_norm,samples,step,train_loss,train_mse,val_loss,val_mse
4.412780483117998,52.05960292815306,256,0,0.9983599781990051,0.9983599781990051,0.9941135621070861,0.9941135621070861
4.396810282169102,52.08657503570018,13056,50,0.7941140758991241,0.7941140758991241,0.5779664766788483,0.5779664766788483
