grad_norm,param_norm,samples,step,train_loss,train_mse,val_loss,val_mse
4.905365556845893,52.07047655463499,256,0,1.0063563585281372,1.0063563585281372,0.9926174032688142,0.9926174032688142
